exercise	feature_name	Estimate	Std. Error	df	t value	Pr(>|t|)	p_BH
0	d__Bacteria;p__Actinobacteriota;c__Actinobacteria;o__Micrococcales;f__Micrococcaceae;g__Rothia	-0.05824308955061155	0.018353177580250214	119.21781509887748	-3.1734607969623045	0.0019165054369962868	0.04663496563357631
0	d__Bacteria;p__Firmicutes;c__Bacilli;o__Lactobacillales;f__Aerococcaceae;g__Abiotrophia	0.12124327075897776	0.030936739465440656	118.93173610044934	3.919070750633507	1.489638027628597e-4	0.010874357601688757
0	d__Bacteria;p__Proteobacteria;c__Gammaproteobacteria;o__Burkholderiales;f__Burkholderiaceae;g__Lautropia	0.09056273080201557	0.027862837610617544	119.08127596531249	3.250305373330149	0.001499078838847723	0.04663496563357631
1	d__Bacteria;p__Actinobacteriota;c__Actinobacteria;o__Propionibacteriales;f__Propionibacteriaceae;g__Pseudopropionibacterium	0.11465872470097078	0.031797809976190375	111.03247730004783	3.605868605002205	4.6753060639667497e-4	0.017185858094944214
1	d__Bacteria;p__Proteobacteria;c__Gammaproteobacteria;o__Burkholderiales;f__Comamonadaceae;__	0.11078991933743658	0.03074256873433686	111.05475117496168	3.6037951250863944	4.708454272587456e-4	0.017185858094944214
