rowname	Df	SumOfSqs	R2	F	Pr(>F)
Model	3	85.0254832270946	0.1235415226029549	15.927955988963285	0.001
Residual	339	603.2085731100168	0.876458477397045	NA	NA
Total	342	688.2340563371115	1	NA	NA
