rowname	Df	SumOfSqs	R2	F	Pr(>F)
fi36	1	0.11092910611874984	3.811046304108202e-4	0.8926094626615275	0.434
participant_id	21	268.8379743814898	0.923611488921334	103.01187516096975	0.001
Residual	128	15.907209341992079	0.05465031991385309	NA	NA
Total	150	291.0725750017032	1	NA	NA
