rowname	Df	SumOfSqs	R2	F	Pr(>F)
Model	1	65.86327350843966	0.09569894558687524	36.08681012354112	0.001
Residual	341	622.3707828286718	0.9043010544131248	NA	NA
Total	342	688.2340563371115	1	NA	NA
