rowname	Df	SumOfSqs	R2	F	Pr(>F)
Model	1	45.934746306776795	0.06674291381517597	24.386992553162035	0.001
Residual	341	642.2993100303347	0.9332570861848241	NA	NA
Total	342	688.2340563371115	1	NA	NA
