rowname	Df	SumOfSqs	R2	F	Pr(>F)
fi36	1	0.0667634912754167	2.2840404134806484e-4	0.5350472512764134	0.588
participant_id	21	273.7089920309495	0.9363836243266317	104.45346917414608	0.001
Residual	129	16.096691187521703	0.05506826035197919	NA	NA
Total	151	292.30433437767346	1	NA	NA
