rowname	Df	SumOfSqs	R2	F	Pr(>F)
fi36	1	1.2871746393241068	0.004416743548471662	3.3957281302241262	0.035
participant_id	21	228.9840694880948	0.7857239264326983	28.76612826036156	0.001
Residual	130	49.27741465012086	0.16908793616037188	NA	NA
Total	152	291.4306944014242	1	NA	NA
