rowname	Df	SumOfSqs	R2	F	Pr(>F)
Model	3	106.6158570444683	0.1545506126268694	20.717663717439624	0.001
Residual	340	583.2284291239101	0.8454493873731305	NA	NA
Total	343	689.8442861683785	1	NA	NA
