rowname	Df	SumOfSqs	R2	F	Pr(>F)
Model	3	106.61585704446837	0.15455061262686948	20.717663717439635	0.001
Residual	340	583.2284291239102	0.8454493873731307	NA	NA
Total	343	689.8442861683785	1	NA	NA
