rowname	Df	SumOfSqs	R2	F	Pr(>F)
Model	21	583.0161079243247	0.845141606031975	83.68185687004274	0.001
Residual	322	106.82817824405366	0.1548583939680249	NA	NA
Total	343	689.8442861683785	1	NA	NA
