rowname	Df	SumOfSqs	R2	F	Pr(>F)
Model	1	12.800956384833524	0.018556298343694686	6.466243578550159	0.001
Residual	342	677.043329783545	0.9814437016563053	NA	NA
Total	343	689.8442861683785	1	NA	NA
