rowname	Df	SumOfSqs	R2	F	Pr(>F)
Model	21	583.0161079243246	0.8451416060319747	83.68185687004274	0.001
Residual	322	106.82817824405365	0.15485839396802487	NA	NA
Total	343	689.8442861683785	1	NA	NA
